锘縲ord,count
褉芯褋褋懈褟,79
褍泻褉邪懈薪邪,59
褋褕邪,58
懈褉邪薪,44
褉芯褋褋懈泄褋泻懈泄,43
褌褉邪屑锌,42
胁褋褍,37
锌褍褌懈薪,35
芯斜谢邪褋褌褜,34
蟹邪褟胁懈褌褜,33
褍写邪褉,33
谐芯写,33
泻懈械胁,33
斜锌薪褍褌褜,30
褔械谢芯胁械泻,29
褋芯芯斜褖懈褌褜,25
写芯屑,23
褋褌褉邪薪邪,23
邪褌邪泻邪,22
薪邪蟹胁邪褌褜,21
褉芯褋褋懈褟薪懈薪,21
褋褌邪褌褜,21
胁芯械薪薪褘泄,21
屑芯褋泻胁邪,21
懈蟹褉邪懈谢褜,21
谐谢邪胁邪,21
写械薪褜,21
锌芯褋褌褉邪写邪褌褜,21
锌芯褉邪蟹懈褌褜,21
锌芯谐懈斜薪褍褌褜,20
褉邪褋泻褉褘褌褜,19
斜械褋锌懈谢芯褌薪懈泻,19
懈褞薪褜,19
褋懈谢邪,19
锌芯卸邪褉,18
褉械谐懈芯薪,18
褉邪褋褋泻邪蟹邪褌褜,17
褍泻褉邪懈薪褋泻懈泄,17
写褉芯薪,17
褋斜懈褌褜,16
屑懈褉,16
锌褉械蟹懈写械薪褌,16
薪芯胁褘泄,15
屑懈薪懈褋褌褉,14
胁蟹褉褘胁,14
锌械褉胁褘泄,14
褋写械谢泻邪,14
屑懈写,14
锌褉芯褌懈胁,13
屑懈薪芯斜芯褉芯薪褘,13
